{
    "calibDataSource": "session_3",
    "cameras": [
        {
            "name": "cam0",
            "type": "hd",
            "resolution": [
             1920,
             1080
            ],
            "K": [
             [
              1047.8628151339685,
              0,
              935.0820516976222
             ],
             [
              0,
              1047.6213956724548,
              543.8033155202502
             ],
             [
              0,
              0,
              1
             ]
            ],
            "distCoef": [
             0.038611665041942564, 
             -0.03451689287725433, 
             -0.0006187283456785523, 
             -0.0024509569219430395,
             0.0
            ],
            "R": [
             [
              1.0,
              0.0,
              0.0
             ],
             [
              0.0,
              1.0,
              0.0
             ],
             [
              0.0,
              0.0,
              1.0
             ]
            ],
            "t": [
             [
              0.0
             ],
             [
              0.0
             ],
             [
              0.0
             ]
            ],
            "panel": 0,
            "node": 0
        },
        {
            "name": "cam1",
            "type": "vga",
            "resolution": [
             640,
             480
            ],
            "K": [
             [
              512.5024097264842,
              0,
              309.9355781447235
             ],
             [
              0,
              510.9034795456385,
              241.81652950419445
             ],
             [
              0,
              0,
              1
             ]
            ],
            "distCoef": [
             0.009594864483175574,
             -0.05059814685312808, 
             0.00048535888267677284, 
             -0.0014834210820013987,
             0.0
            ],
            "R": [
             [
              0.711825359621447, 
              0.2459055239300343, 
              -0.6579020677125875
             ],
             [
              -0.27697394605866643, 
              0.9590765881522826, 
              0.05880077603971803
             ],
             [
              0.6454379060796582, 
              0.14036584826401852, 
              0.7508044605865325
             ]
            ],
            "t": [
             [
              123.66977453875674
             ],
             [
              -35.73464930610017
             ],
             [
              123.54649283550423
             ]
            ],
            "panel": 0,
            "node": 1
        },
        {
            "name": "cam2",
            "type": "vga",
            "resolution": [
             640,
             480
            ],
            "K": [
             [
              512.5024097264842,
              0,
              309.9355781447235
             ],
             [
              0,
              510.9034795456385,
              241.81652950419445
             ],
             [
              0,
              0,
              1
             ]
            ],
            "distCoef": [
             -0.285811,
             0.182134,
             -0.000208357,
             0.00114507,
             -0.0469778
            ],
            "R": [
             [
              0.03079713,
              0.36386504,
              -0.93094241
             ],
             [
              -0.54325777,
              0.78789657,
              0.28998274
             ],
             [
              0.83900091,
              0.49681107,
              0.22193746
             ]
            ],
            "t": [
             [
              168.256545
             ],
             [
              -55.657125
             ],
             [
              195.237562
             ]
            ],
            "panel": 0,
            "node": 2
        }
    ]
   }